<?xml version="1.0" encoding="UTF-8"?>
<export version="E">
  <design>
    <source>C:\Users\gerom\OneDrive\Documenten\IOT-project\relaismsofet correctie\relaismsofet correctie.kicad_sch</source>
    <date>11/10/2023 20:30:48</date>
    <tool>Eeschema 7.0.2</tool>
    <sheet number="1" name="/" tstamps="/">
      <title_block>
        <title/>
        <company/>
        <rev/>
        <date/>
        <source>relaismsofet correctie.kicad_sch</source>
        <comment number="1" value=""/>
        <comment number="2" value=""/>
        <comment number="3" value=""/>
        <comment number="4" value=""/>
        <comment number="5" value=""/>
        <comment number="6" value=""/>
        <comment number="7" value=""/>
        <comment number="8" value=""/>
        <comment number="9" value=""/>
      </title_block>
    </sheet>
  </design>
  <components>
    <comp ref="C1">
      <value>1nF</value>
      <footprint>Capacitor_SMD:C_0805_2012Metric_Pad1.18x1.45mm_HandSolder</footprint>
      <libsource lib="Device" part="C_Small" description="Unpolarized capacitor, small symbol"/>
      <property name="Sheetname" value=""/>
      <property name="Sheetfile" value="relaismsofet correctie.kicad_sch"/>
      <property name="ki_description" value="Unpolarized capacitor, small symbol"/>
      <property name="ki_keywords" value="capacitor cap"/>
      <sheetpath names="/" tstamps="/"/>
      <tstamps>4de2c77b-ce49-439d-8d53-32db06dce907</tstamps>
    </comp>
    <comp ref="C2">
      <value>0.01µF</value>
      <footprint>Capacitor_SMD:C_0805_2012Metric_Pad1.18x1.45mm_HandSolder</footprint>
      <libsource lib="Device" part="C_Small" description="Unpolarized capacitor, small symbol"/>
      <property name="Sheetname" value=""/>
      <property name="Sheetfile" value="relaismsofet correctie.kicad_sch"/>
      <property name="ki_description" value="Unpolarized capacitor, small symbol"/>
      <property name="ki_keywords" value="capacitor cap"/>
      <sheetpath names="/" tstamps="/"/>
      <tstamps>ba6fc4cb-df53-49ab-9057-f878cc1edb10</tstamps>
    </comp>
    <comp ref="currentsensor1">
      <value>ACS712xLCTR-20A</value>
      <footprint>Package_SO:SOIC-8_3.9x4.9mm_P1.27mm</footprint>
      <datasheet>http://www.allegromicro.com/~/media/Files/Datasheets/ACS712-Datasheet.ashx?la=en</datasheet>
      <libsource lib="Sensor_Current" part="ACS712xLCTR-20A" description="±20A Bidirectional Hall-Effect Current Sensor, +5.0V supply, 100mV/A, SOIC-8"/>
      <property name="Sheetname" value=""/>
      <property name="Sheetfile" value="relaismsofet correctie.kicad_sch"/>
      <property name="ki_description" value="±20A Bidirectional Hall-Effect Current Sensor, +5.0V supply, 100mV/A, SOIC-8"/>
      <property name="ki_keywords" value="hall effect current monitor sensor isolated"/>
      <sheetpath names="/" tstamps="/"/>
      <tstamps>dd00cf18-58b2-4f82-93e4-3fd5ff410060</tstamps>
    </comp>
    <comp ref="H1">
      <value>MountingHole_Pad</value>
      <footprint>MountingHole:MountingHole_2.5mm</footprint>
      <libsource lib="Mechanical" part="MountingHole_Pad" description="Mounting Hole with connection"/>
      <property name="Sheetname" value=""/>
      <property name="Sheetfile" value="relaismsofet correctie.kicad_sch"/>
      <property name="ki_description" value="Mounting Hole with connection"/>
      <property name="ki_keywords" value="mounting hole"/>
      <sheetpath names="/" tstamps="/"/>
      <tstamps>f0896507-f501-463d-8abf-fce0a3f50ae3</tstamps>
    </comp>
    <comp ref="H2">
      <value>MountingHole_Pad</value>
      <footprint>MountingHole:MountingHole_2.5mm</footprint>
      <libsource lib="Mechanical" part="MountingHole_Pad" description="Mounting Hole with connection"/>
      <property name="Sheetname" value=""/>
      <property name="Sheetfile" value="relaismsofet correctie.kicad_sch"/>
      <property name="ki_description" value="Mounting Hole with connection"/>
      <property name="ki_keywords" value="mounting hole"/>
      <sheetpath names="/" tstamps="/"/>
      <tstamps>9ae3bf97-48f5-443a-a739-5466a3562a9f</tstamps>
    </comp>
    <comp ref="J4">
      <value>Conn_01x06_Pin</value>
      <footprint>Connector_PinHeader_2.54mm:PinHeader_1x06_P2.54mm_Vertical</footprint>
      <libsource lib="Connector" part="Conn_01x06_Pin" description="Generic connector, single row, 01x06, script generated"/>
      <property name="Sheetname" value=""/>
      <property name="Sheetfile" value="relaismsofet correctie.kicad_sch"/>
      <property name="ki_description" value="Generic connector, single row, 01x06, script generated"/>
      <property name="ki_keywords" value="connector"/>
      <sheetpath names="/" tstamps="/"/>
      <tstamps>f2e6cf68-47ef-4554-8fd2-5622884926ca</tstamps>
    </comp>
    <comp ref="led1">
      <value>led</value>
      <footprint>TerminalBlock_Phoenix:TerminalBlock_Phoenix_MPT-0,5-2-2.54_1x02_P2.54mm_Horizontal</footprint>
      <libsource lib="Connector" part="Conn_01x02_Female" description="Generic connector, single row, 01x02, script generated (kicad-library-utils/schlib/autogen/connector/)"/>
      <property name="Sheetname" value=""/>
      <property name="Sheetfile" value="relaismsofet correctie.kicad_sch"/>
      <property name="ki_description" value="Generic connector, single row, 01x02, script generated (kicad-library-utils/schlib/autogen/connector/)"/>
      <property name="ki_keywords" value="connector"/>
      <sheetpath names="/" tstamps="/"/>
      <tstamps>f156e191-de9a-4546-bbbe-90a92c45b0fd</tstamps>
    </comp>
    <comp ref="mosfet1">
      <value>TLP222A</value>
      <footprint>own-footprints:AQY211EHAZ</footprint>
      <datasheet>https://toshiba.semicon-storage.com/info/docget.jsp?did=17036&amp;prodName=TLP222A</datasheet>
      <libsource lib="Relay_SolidState" part="TLP222A" description="MOSFET Photorelay 1-Form-A, Voff 60V, Ion 0,5A, DIP4"/>
      <property name="Sheetname" value=""/>
      <property name="Sheetfile" value="relaismsofet correctie.kicad_sch"/>
      <property name="ki_description" value="MOSFET Photorelay 1-Form-A, Voff 60V, Ion 0,5A, DIP4"/>
      <property name="ki_keywords" value="MOSFET Output Photorelay 1-Form-A"/>
      <sheetpath names="/" tstamps="/"/>
      <tstamps>185b1b71-f40f-45c5-b434-9b77e0cdb4ef</tstamps>
    </comp>
    <comp ref="R3">
      <value>220</value>
      <footprint>Resistor_SMD:R_0805_2012Metric_Pad1.20x1.40mm_HandSolder</footprint>
      <libsource lib="Device" part="R_Small" description="Resistor, small symbol"/>
      <property name="Sheetname" value=""/>
      <property name="Sheetfile" value="relaismsofet correctie.kicad_sch"/>
      <property name="ki_description" value="Resistor, small symbol"/>
      <property name="ki_keywords" value="R resistor"/>
      <sheetpath names="/" tstamps="/"/>
      <tstamps>4fd55ce0-9746-422e-b607-2399c23b5141</tstamps>
    </comp>
    <comp ref="R4">
      <value>1k</value>
      <footprint>Resistor_SMD:R_0805_2012Metric_Pad1.20x1.40mm_HandSolder</footprint>
      <libsource lib="Device" part="R_Small" description="Resistor, small symbol"/>
      <property name="Sheetname" value=""/>
      <property name="Sheetfile" value="relaismsofet correctie.kicad_sch"/>
      <property name="ki_description" value="Resistor, small symbol"/>
      <property name="ki_keywords" value="R resistor"/>
      <sheetpath names="/" tstamps="/"/>
      <tstamps>05aef119-0eb2-422f-a23d-6d3726eac881</tstamps>
    </comp>
    <comp ref="TP1">
      <value>enable</value>
      <libsource lib="Connector" part="TestPoint" description="test point"/>
      <property name="Sheetname" value=""/>
      <property name="Sheetfile" value="relaismsofet correctie.kicad_sch"/>
      <property name="ki_description" value="test point"/>
      <property name="ki_keywords" value="test point tp"/>
      <sheetpath names="/" tstamps="/"/>
      <tstamps>edf24953-ac0f-4c9c-a0c4-9284730c23bf</tstamps>
    </comp>
    <comp ref="TP2">
      <value>led+</value>
      <libsource lib="Connector" part="TestPoint" description="test point"/>
      <property name="Sheetname" value=""/>
      <property name="Sheetfile" value="relaismsofet correctie.kicad_sch"/>
      <property name="ki_description" value="test point"/>
      <property name="ki_keywords" value="test point tp"/>
      <sheetpath names="/" tstamps="/"/>
      <tstamps>63eb06aa-12a0-45de-9a27-b78adf2a85be</tstamps>
    </comp>
    <comp ref="TP3">
      <value>gnd</value>
      <libsource lib="Connector" part="TestPoint" description="test point"/>
      <property name="Sheetname" value=""/>
      <property name="Sheetfile" value="relaismsofet correctie.kicad_sch"/>
      <property name="ki_description" value="test point"/>
      <property name="ki_keywords" value="test point tp"/>
      <sheetpath names="/" tstamps="/"/>
      <tstamps>8b8c1b69-fd3b-4ec7-b3ec-216fb6465fa9</tstamps>
    </comp>
    <comp ref="U1">
      <value>LM317_SOT-223</value>
      <footprint>Package_TO_SOT_SMD:SOT-223-3_TabPin2</footprint>
      <datasheet>http://www.ti.com/lit/ds/symlink/lm317.pdf</datasheet>
      <libsource lib="Regulator_Linear" part="LM317_SOT-223" description="1.5A 35V Adjustable Linear Regulator, SOT-223"/>
      <property name="Sheetname" value=""/>
      <property name="Sheetfile" value="relaismsofet correctie.kicad_sch"/>
      <property name="ki_description" value="1.5A 35V Adjustable Linear Regulator, SOT-223"/>
      <property name="ki_keywords" value="Adjustable Voltage Regulator 1A Positive"/>
      <sheetpath names="/" tstamps="/"/>
      <tstamps>4a9ffd63-6bf5-4899-bc9e-7c36a5941f10</tstamps>
    </comp>
  </components>
  <libparts>
    <libpart lib="Connector" part="Conn_01x02_Female">
      <description>Generic connector, single row, 01x02, script generated (kicad-library-utils/schlib/autogen/connector/)</description>
      <docs>~</docs>
      <footprints>
        <fp>Connector*:*_1x??_*</fp>
      </footprints>
      <fields>
        <field name="Reference">J</field>
        <field name="Value">Conn_01x02_Female</field>
        <field name="Datasheet">~</field>
      </fields>
      <pins>
        <pin num="1" name="Pin_1" type="passive"/>
        <pin num="2" name="Pin_2" type="passive"/>
      </pins>
    </libpart>
    <libpart lib="Connector" part="Conn_01x06_Pin">
      <description>Generic connector, single row, 01x06, script generated</description>
      <docs>~</docs>
      <footprints>
        <fp>Connector*:*_1x??_*</fp>
      </footprints>
      <fields>
        <field name="Reference">J</field>
        <field name="Value">Conn_01x06_Pin</field>
        <field name="Datasheet">~</field>
      </fields>
      <pins>
        <pin num="1" name="Pin_1" type="passive"/>
        <pin num="2" name="Pin_2" type="passive"/>
        <pin num="3" name="Pin_3" type="passive"/>
        <pin num="4" name="Pin_4" type="passive"/>
        <pin num="5" name="Pin_5" type="passive"/>
        <pin num="6" name="Pin_6" type="passive"/>
      </pins>
    </libpart>
    <libpart lib="Connector" part="TestPoint">
      <description>test point</description>
      <docs>~</docs>
      <footprints>
        <fp>Pin*</fp>
        <fp>Test*</fp>
      </footprints>
      <fields>
        <field name="Reference">TP</field>
        <field name="Value">TestPoint</field>
        <field name="Datasheet">~</field>
      </fields>
      <pins>
        <pin num="1" name="1" type="passive"/>
      </pins>
    </libpart>
    <libpart lib="Device" part="C_Small">
      <description>Unpolarized capacitor, small symbol</description>
      <docs>~</docs>
      <footprints>
        <fp>C_*</fp>
      </footprints>
      <fields>
        <field name="Reference">C</field>
        <field name="Value">C_Small</field>
        <field name="Datasheet">~</field>
      </fields>
      <pins>
        <pin num="1" name="" type="passive"/>
        <pin num="2" name="" type="passive"/>
      </pins>
    </libpart>
    <libpart lib="Device" part="R_Small">
      <description>Resistor, small symbol</description>
      <docs>~</docs>
      <footprints>
        <fp>R_*</fp>
      </footprints>
      <fields>
        <field name="Reference">R</field>
        <field name="Value">R_Small</field>
        <field name="Datasheet">~</field>
      </fields>
      <pins>
        <pin num="1" name="" type="passive"/>
        <pin num="2" name="" type="passive"/>
      </pins>
    </libpart>
    <libpart lib="Mechanical" part="MountingHole_Pad">
      <description>Mounting Hole with connection</description>
      <docs>~</docs>
      <footprints>
        <fp>MountingHole*Pad*</fp>
      </footprints>
      <fields>
        <field name="Reference">H</field>
        <field name="Value">MountingHole_Pad</field>
        <field name="Datasheet">~</field>
      </fields>
      <pins>
        <pin num="1" name="1" type="input"/>
      </pins>
    </libpart>
    <libpart lib="Regulator_Linear" part="LM317_SOT-223">
      <description>1.5A 35V Adjustable Linear Regulator, SOT-223</description>
      <docs>http://www.ti.com/lit/ds/symlink/lm317.pdf</docs>
      <footprints>
        <fp>SOT?223*TabPin2*</fp>
      </footprints>
      <fields>
        <field name="Reference">U</field>
        <field name="Value">LM317_SOT-223</field>
        <field name="Footprint">Package_TO_SOT_SMD:SOT-223-3_TabPin2</field>
        <field name="Datasheet">http://www.ti.com/lit/ds/symlink/lm317.pdf</field>
      </fields>
      <pins>
        <pin num="1" name="ADJ" type="input"/>
        <pin num="2" name="VO" type="power_out"/>
        <pin num="3" name="VI" type="power_in"/>
      </pins>
    </libpart>
    <libpart lib="Relay_SolidState" part="TLP222A">
      <description>MOSFET Photorelay 1-Form-A, Voff 60V, Ion 0,5A, DIP4</description>
      <docs>https://toshiba.semicon-storage.com/info/docget.jsp?did=17036&amp;prodName=TLP222A</docs>
      <footprints>
        <fp>DIP*W7.62mm*</fp>
      </footprints>
      <fields>
        <field name="Reference">U</field>
        <field name="Value">TLP222A</field>
        <field name="Footprint">Package_DIP:DIP-4_W7.62mm</field>
        <field name="Datasheet">https://toshiba.semicon-storage.com/info/docget.jsp?did=17036&amp;prodName=TLP222A</field>
      </fields>
      <pins>
        <pin num="1" name="" type="passive"/>
        <pin num="2" name="" type="passive"/>
        <pin num="3" name="" type="passive"/>
        <pin num="4" name="" type="passive"/>
      </pins>
    </libpart>
    <libpart lib="Sensor_Current" part="ACS712xLCTR-20A">
      <description>±20A Bidirectional Hall-Effect Current Sensor, +5.0V supply, 100mV/A, SOIC-8</description>
      <docs>http://www.allegromicro.com/~/media/Files/Datasheets/ACS712-Datasheet.ashx?la=en</docs>
      <footprints>
        <fp>SOIC*3.9x4.9m*P1.27mm*</fp>
      </footprints>
      <fields>
        <field name="Reference">U</field>
        <field name="Value">ACS712xLCTR-20A</field>
        <field name="Footprint">Package_SO:SOIC-8_3.9x4.9mm_P1.27mm</field>
        <field name="Datasheet">http://www.allegromicro.com/~/media/Files/Datasheets/ACS712-Datasheet.ashx?la=en</field>
      </fields>
      <pins>
        <pin num="1" name="IP+" type="passive"/>
        <pin num="2" name="IP+" type="passive"/>
        <pin num="3" name="IP-" type="passive"/>
        <pin num="4" name="IP-" type="passive"/>
        <pin num="5" name="GND" type="power_in"/>
        <pin num="6" name="FILTER" type="passive"/>
        <pin num="7" name="VIOUT" type="output"/>
        <pin num="8" name="VCC" type="power_in"/>
      </pins>
    </libpart>
  </libparts>
  <libraries>
    <library logical="Connector">
      <uri>C:\Program Files\KiCad\7.0\share\kicad\symbols\/Connector.kicad_sym</uri>
    </library>
    <library logical="Device">
      <uri>C:\Program Files\KiCad\7.0\share\kicad\symbols\/Device.kicad_sym</uri>
    </library>
    <library logical="Mechanical">
      <uri>C:\Program Files\KiCad\7.0\share\kicad\symbols\/Mechanical.kicad_sym</uri>
    </library>
    <library logical="Regulator_Linear">
      <uri>C:\Program Files\KiCad\7.0\share\kicad\symbols\/Regulator_Linear.kicad_sym</uri>
    </library>
    <library logical="Relay_SolidState">
      <uri>C:\Program Files\KiCad\7.0\share\kicad\symbols\/Relay_SolidState.kicad_sym</uri>
    </library>
    <library logical="Sensor_Current">
      <uri>C:\Program Files\KiCad\7.0\share\kicad\symbols\/Sensor_Current.kicad_sym</uri>
    </library>
  </libraries>
  <nets>
    <net code="1" name="+5V">
      <node ref="C2" pin="1" pintype="passive"/>
      <node ref="J4" pin="2" pinfunction="Pin_2" pintype="passive"/>
      <node ref="currentsensor1" pin="8" pinfunction="VCC" pintype="power_in"/>
    </net>
    <net code="2" name="+12V">
      <node ref="J4" pin="1" pinfunction="Pin_1" pintype="passive"/>
      <node ref="mosfet1" pin="4" pintype="passive"/>
    </net>
    <net code="3" name="/A_{0}">
      <node ref="J4" pin="4" pinfunction="Pin_4" pintype="passive"/>
      <node ref="currentsensor1" pin="7" pinfunction="VIOUT" pintype="output"/>
    </net>
    <net code="4" name="/I{slash}0_{0}">
      <node ref="J4" pin="3" pinfunction="Pin_3" pintype="passive"/>
      <node ref="mosfet1" pin="1" pintype="passive"/>
    </net>
    <net code="5" name="/enable">
      <node ref="TP1" pin="1" pinfunction="1" pintype="passive"/>
      <node ref="U1" pin="3" pinfunction="VI" pintype="power_in"/>
      <node ref="mosfet1" pin="3" pintype="passive"/>
    </net>
    <net code="6" name="/led+">
      <node ref="R3" pin="2" pintype="passive"/>
      <node ref="TP2" pin="1" pinfunction="1" pintype="passive"/>
      <node ref="U1" pin="2" pinfunction="VO" pintype="power_out"/>
      <node ref="led1" pin="2" pinfunction="Pin_2" pintype="passive"/>
    </net>
    <net code="7" name="/led-">
      <node ref="currentsensor1" pin="1" pinfunction="IP+" pintype="passive"/>
      <node ref="currentsensor1" pin="2" pinfunction="IP+" pintype="passive"/>
      <node ref="led1" pin="1" pinfunction="Pin_1" pintype="passive"/>
    </net>
    <net code="8" name="GND">
      <node ref="C1" pin="2" pintype="passive"/>
      <node ref="C2" pin="2" pintype="passive"/>
      <node ref="H1" pin="1" pinfunction="1" pintype="input"/>
      <node ref="H2" pin="1" pinfunction="1" pintype="input"/>
      <node ref="J4" pin="5" pinfunction="Pin_5" pintype="passive"/>
      <node ref="R4" pin="1" pintype="passive"/>
      <node ref="TP3" pin="1" pinfunction="1" pintype="passive"/>
      <node ref="currentsensor1" pin="3" pinfunction="IP-" pintype="passive"/>
      <node ref="currentsensor1" pin="4" pinfunction="IP-" pintype="passive"/>
      <node ref="currentsensor1" pin="5" pinfunction="GND" pintype="power_in"/>
      <node ref="mosfet1" pin="2" pintype="passive"/>
    </net>
    <net code="9" name="Net-(U1-ADJ)">
      <node ref="R3" pin="1" pintype="passive"/>
      <node ref="R4" pin="2" pintype="passive"/>
      <node ref="U1" pin="1" pinfunction="ADJ" pintype="input"/>
    </net>
    <net code="10" name="Net-(currentsensor1-FILTER)">
      <node ref="C1" pin="1" pintype="passive"/>
      <node ref="currentsensor1" pin="6" pinfunction="FILTER" pintype="passive"/>
    </net>
    <net code="11" name="unconnected-(J4-Pin_6-Pad6)">
      <node ref="J4" pin="6" pinfunction="Pin_6" pintype="passive"/>
    </net>
  </nets>
</export>
