Id,Designator,Footprint,Quantity,Designation,Supplier and ref
1,"lamp_lightsensor3,lamp_lightsensor1,day/night-sensor1,lamp_lightsensor2","TerminalBlock_Phoenix_MKDS-1,5-3_1x03_P5.00mm_Horizontal",4,Conn_01x03_Pin,
2,Testpin_PV1,TestPoint_Pad_2.0x2.0mm,1,PV,
3,Testpin_BAT1,TestPoint_Pad_2.0x2.0mm,1,BAT,
4,R10,R_0805_2012Metric_Pad1.20x1.40mm_HandSolder,1,TBD-BAT2,
5,R9,R_0805_2012Metric_Pad1.20x1.40mm_HandSolder,1,TBD-BAT1,
6,"R8,R3",R_0805_2012Metric_Pad1.20x1.40mm_HandSolder,2,1k,
7,"Q2,Q1",SOT-23,2,BSS138,https://nl.farnell.com/onsemi/bss138/mosfet-n-chan-50v-220ma-sot-23/dp/9845330
8,"PV1,BAT1,12Vin1","TerminalBlock_Phoenix_PT-1,5-2-5.0-H_1x02_P5.00mm_Horizontal",3,Screw_Terminal_01x02,
9,J1,USB_C_Receptacle_GCT_USB4135-GF-A_6P_TopMnt_Horizontal,1,USB_C_Receptacle_PowerOnly_6P,https://www.digikey.be/en/products/detail/cui-devices/UJC-HP-M-G-5-MSMT-TR/16629543
10,"H3,H2,H4,H1",MountingHole_3.5mm_Pad,4,MountingHole_Pad,
11,ADC1,TSSOP-10_3x3mm_P0.5mm,1,ADS1115IDGS,
12,"R6,R4,R5",R_0805_2012Metric_Pad1.20x1.40mm_HandSolder,3,1k-10k,
13,R2,R_0805_2012Metric_Pad1.20x1.40mm_HandSolder,1,TBD-pv2,
14,"mosfet-current2,mosfet-current1,mosfet-current3",mosfet-current,3,~,
15,12V1,TestPoint_Pad_2.0x2.0mm,1,12V,
16,R7,R_0805_2012Metric_Pad1.20x1.40mm_HandSolder,1,R_Small,
17,R1,R_0805_2012Metric_Pad1.20x1.40mm_HandSolder,1,TBD-pv1,
18,5V1,TestPoint_Pad_2.0x2.0mm,1,5V,
19,J2,GYS-GPS,1,GPS,
20,MKR1,Arduino_MKR_FOX_1200_Socket,1,Arduino_MKR_WAN_1300_Socket,
21,3.3V1,TestPoint_Pad_2.0x2.0mm,1,3.3V,
22,C7,C_0805_2012Metric_Pad1.18x1.45mm_HandSolder,1,1µF,
